os_codigo,no_jgc,canal,tipo,contato_hash,ts,grupo
OS-2026-0457,n4,email,sent,bf4c29c3017b9158c66b91c928782b2b54b91df0cfb3eb548b3dab2c44975560,2026-08-03T12:00:00+00:00,
OS-2026-0457,n4,email,sent,1c33ac3d8e84cb8a3b4946a618bd3792e1232ea3de5369f426eb76058d504be7,2026-08-03T12:00:00+00:00,
OS-2026-0457,n4,email,sent,1c042b31614e3c60b252fe84f7d2fbc0e4867466889961467df956ea01462ccf,2026-08-03T12:00:00+00:00,
OS-2026-0457,n4,email,sent,c221cef3121ad87886998899511ff75ff71c62e11f2b7011bc2204bd9ab70a92,2026-08-03T12:00:00+00:00,
OS-2026-0457,n4,email,sent,4895f49cb194174957f72fb0f5e82e7b89cdb7b67006d6e6a050680181617495,2026-08-03T12:00:00+00:00,
OS-2026-0457,n4,email,sent,eaee7001f7ae0084c11037a42087fb6809eb5614e1f0d5101b8f01d19f5eec91,2026-08-03T12:00:00+00:00,
OS-2026-0457,n4,email,sent,7aab39d4ed9ab8aec9206f0bd93dc533036b9da6aba7ec6a4717d95fd50efb82,2026-08-03T12:00:00+00:00,
OS-2026-0457,n4,email,sent,3fb2c78ff08a5ce2c481e2fa10a33d1bdbd9508cfadcc978697006797f3d1e5c,2026-08-03T12:00:00+00:00,
OS-2026-0457,n4,email,sent,f59a0808c9695b3e3f0a4e32f9d51f467238978bd25b14bb5163a6eab84e1dd6,2026-08-03T12:00:00+00:00,
OS-2026-0457,n4,email,sent,fdf344dd2417b920154173bcab1f72df7b739561e4cc300ad4c8608d4aaf5a4a,2026-08-03T12:00:00+00:00,
OS-2026-0457,n4,email,sent,19ab3bf69270850ebe653c76ec5a3b5921a79c99cd89868d143d464463ac2866,2026-08-03T12:00:00+00:00,
OS-2026-0457,n4,email,sent,32d3f0f605978aad76946f5e58f76885599b233c83767ac94a7b525b81918f0c,2026-08-03T12:00:00+00:00,
OS-2026-0457,n4,email,sent,26b5a69847d93fea911e61e284d9804b53388105677fac0bcfba657a286cac21,2026-08-03T12:00:00+00:00,
OS-2026-0457,n4,email,sent,12c2569c94d4c8379964bd37010216800935425e80c6ab6e3d5544a21efcebf8,2026-08-03T12:00:00+00:00,
OS-2026-0457,n4,email,sent,1a42bf25406a1c0a86e093f63b8d8a0c426ff13807cef0daf65275065d4ecb1f,2026-08-03T12:00:00+00:00,
OS-2026-0457,n4,email,sent,060d043e6c2b053770bc8af4fe1be2e3e180a9ae808d7b5b3ba8ee2326ed7889,2026-08-03T12:00:00+00:00,
OS-2026-0457,n4,email,sent,c420e1b67f1e9b2453a55d639efba343d25630c78405ca58dcaf4b75901e4485,2026-08-03T12:00:00+00:00,
OS-2026-0457,n4,email,sent,c1e8cfe327fe160c0bffafceab2dd315ec12224b068dc077cb6ad2bb39c1641a,2026-08-03T12:00:00+00:00,
OS-2026-0457,n4,email,sent,25f1ffc4e7c932b28dc76f4da4cd2605962098ed89617acb1ada2605527df9c2,2026-08-03T12:00:00+00:00,
OS-2026-0457,n4,email,sent,aab35bbc933fae24a81c2bdb68e6cf1c8d113cb4efde5ac8025386dcc1aa673c,2026-08-03T12:00:00+00:00,
OS-2026-0457,n4,email,sent,46c92b0ad4fc420debeee89c4f53315c01b83fc688adaaf4b14137ce574aba8a,2026-08-03T12:00:00+00:00,
OS-2026-0457,n4,email,sent,675838a059393697a8f9d5b47f41f250a5a7de8639dd25dded93ab0f25ede669,2026-08-03T12:00:00+00:00,
OS-2026-0457,n4,email,sent,34a089961c28c27c9418795a3f7bf0489eb5782ee39c2d0b47ed0d52f35b6ba4,2026-08-03T12:00:00+00:00,
OS-2026-0457,n4,email,sent,9a1c19a9164840b2bfeca58b7c1c3ade7a5dacf0555cd5ebbc4db9cd4ffa0c5f,2026-08-03T12:00:00+00:00,
OS-2026-0457,n4,email,sent,5cd34814529ff3743efdce8fa06fab1a0f96aa596d675340b95270876f76c86d,2026-08-03T12:00:00+00:00,
OS-2026-0457,n4,email,sent,9b86ddc4d3d478bdaef343d2d433d97fe375c7dff44dbeb9fc9ba38f77dbbb8f,2026-08-03T12:00:00+00:00,
OS-2026-0457,n4,email,sent,a2a80cd78400b8d9478d326ad49dd8d78f929901367719f50c17a0cc6ad0dfaf,2026-08-03T12:00:00+00:00,
OS-2026-0457,n4,email,sent,a3f4b1d7a579bcfe5c9bee3e5fbaafb9f744fb0627412c2a0af3b44fe09f629b,2026-08-03T12:00:00+00:00,
OS-2026-0457,n4,email,sent,42c91111d2e88da0f1f2e7b124e74d0e8081adc98d01b1604af5cf90dd37e672,2026-08-03T12:00:00+00:00,
OS-2026-0457,n4,email,sent,56838c42dad337c5e0ca0d2588f245c7d101fb569a60f4799fddfad353226ba0,2026-08-03T12:00:00+00:00,
OS-2026-0457,n4,email,sent,97372f86504bbd5ba67f11ec0eac87644c6da583369ee2c4972a42363c387257,2026-08-03T12:00:00+00:00,
OS-2026-0457,n4,email,sent,9c9482926a73439540b59fc00ad2fb0a8985c94b08583e66a69c1208336db67e,2026-08-03T12:00:00+00:00,
OS-2026-0457,n4,email,sent,e4dfbb90d5ba73b9ce85acaeb74b262024d3365d21e09ca56932c60c061c94d1,2026-08-03T12:00:00+00:00,
OS-2026-0457,n4,email,sent,a44bd950934a3ca68d8698be19d083244f8bb12dada1b7960ef5f7b7170e6ea6,2026-08-03T12:00:00+00:00,
OS-2026-0457,n4,email,sent,ae41313d8d93813a92df0ab5619609d7aabe00979a79eb0a8c6342eee60c8509,2026-08-03T12:00:00+00:00,
OS-2026-0457,n4,email,sent,ce1f11b802e998634c2fc799c7c0234440bb7664faf448b131575d8f1af4f2a2,2026-08-03T12:00:00+00:00,
OS-2026-0457,n4,email,sent,50689daec73a8b7c3e6723052dec3166b4f4505cea957a99d38ac9e4ebd3cef9,2026-08-03T12:00:00+00:00,
OS-2026-0457,n4,email,sent,a368e597b71319ccfaaf365534a1e2e7a3b8ea4c5d206712ae0d360daec97975,2026-08-03T12:00:00+00:00,
OS-2026-0457,n4,email,sent,9a56a57406079d7be2201f11e0e81aa190fe60d1e4c56ce3cda89ab29ba1119b,2026-08-03T12:00:00+00:00,
OS-2026-0457,n4,email,sent,420cbb15fb87d96b810c95d9a06dab950cf32dcc40260b2df5c32265b1a29c9b,2026-08-03T12:00:00+00:00,
OS-2026-0457,n4,email,sent,39cec7cc3cd2d5e2e91d719ec0d1366a06f361a6b653551f0edd047d4b983c6f,2026-08-03T12:00:00+00:00,
OS-2026-0457,n4,email,sent,5b00d0176dc1c9d97a039c28a63f0b3e7f68990f3b1f0547b5db22827f027d2b,2026-08-03T12:00:00+00:00,
OS-2026-0457,n4,email,sent,d344e5895f3e7b6127c2495d118f51d2a2fc3b029dbe7896638f9938fb640028,2026-08-03T12:00:00+00:00,
OS-2026-0457,n4,email,sent,020dec96659c3ea37d71573e8c388d7fb7bb2905d54bda9123e09c5df305133e,2026-08-03T12:00:00+00:00,
OS-2026-0457,n4,email,sent,b918842beb5a224711a06f1ddff6fd39422facecc941198943cde0296d1ac3ad,2026-08-03T12:00:00+00:00,
OS-2026-0457,n4,email,sent,990fdef58ed7c000b6856b9d40198ef5e4f47d3ba239aece66a71df0bc6ab593,2026-08-03T12:00:00+00:00,
OS-2026-0457,n4,email,sent,6bf57e884da0fb6da4a989a02bb8402381129a9f594db1ddbf60f8b5a7f09246,2026-08-03T12:00:00+00:00,
OS-2026-0457,n4,email,sent,7b9aba3136d4b47b0ac1e2e6dbaf036d4989848fc20dfb97771aaa4704357a44,2026-08-03T12:00:00+00:00,
OS-2026-0457,n4,email,sent,f659e67be52219338e6d32f304df91e348e047f25b183b3f62dafd198e77e637,2026-08-03T12:00:00+00:00,
OS-2026-0457,n4,email,sent,41419bb9522807ae1d3878037678d967eb3ea062303f9e6a2ead8c11237844e2,2026-08-03T12:00:00+00:00,
OS-2026-0457,n4,email,sent,8cea259d3ecd019082400d8b6dd79e4d105a7c2d61d8216a1356c0248034847a,2026-08-03T12:00:00+00:00,
OS-2026-0457,n4,email,sent,6777b234e91d6338c7ae0932dad3dfb1f922944f13d31e8c35c176d3b37f7501,2026-08-03T12:00:00+00:00,
OS-2026-0457,n4,email,sent,fc679fc4a8609d6362be5e695f210a5d115225c2b3c725ef72c4129494d36fd7,2026-08-03T12:00:00+00:00,
OS-2026-0457,n4,email,sent,690ed74701db57f086d7266f32480e89cb9bd9266939a83a9396554670f2ed58,2026-08-03T12:00:00+00:00,
OS-2026-0457,n4,email,sent,2471fc863adfd73c4c9bf26eed40ad6ca408163d54e8248ea6c32074a904d536,2026-08-03T12:00:00+00:00,
OS-2026-0457,n4,email,sent,5be385b535637b8b9e5ad38fec59ee5b7df2e86d27d07f6c55daaf0569086ce5,2026-08-03T12:00:00+00:00,
OS-2026-0457,n4,email,sent,709d2d9b4d47c8aa4970cd059be43344516012975b5622dadcfff81817947294,2026-08-03T12:00:00+00:00,
OS-2026-0457,n4,email,sent,b85d5af2a378f3762915d1890b95248b4a6e8abf537d7ad5c7863d4222cb71a4,2026-08-03T12:00:00+00:00,
OS-2026-0457,n4,email,sent,7a8812a9a336d0816dc5bae4414a747ca5f3736bbd967c7170f8fc70af5e0278,2026-08-03T12:00:00+00:00,
OS-2026-0457,n4,email,sent,4c0b1ac2c2e9901e4ca831cc93a71be764b9de1f50e82fb7d6c442a0518268f3,2026-08-03T12:00:00+00:00,
OS-2026-0457,n4,email,sent,eff19376081c91f4f945eea06ae05ece8468a6aa33f34b559e996932bc4840a1,2026-08-03T12:00:00+00:00,
OS-2026-0457,n4,email,sent,5577ed2d3bf0971d0ed77d43a72b610da9da2eed890fd976910a2f38c2da50f4,2026-08-03T12:00:00+00:00,
OS-2026-0457,n4,email,sent,dcab4231c5c20071501b6457288ed01f54c1e53bd5626365ef31e9223c70248f,2026-08-03T12:00:00+00:00,
OS-2026-0457,n4,email,sent,6d03a6e4819f17075219e0b49a5f19e2ba2dfb8b2c0cf567e9da9903fd8aaff9,2026-08-03T12:00:00+00:00,
OS-2026-0457,n4,email,sent,c6ebdc5ce79446db44f035f66a6828fc5462706682397458d2b528c414a412f5,2026-08-03T12:00:00+00:00,
OS-2026-0457,n4,email,sent,6b57d530d3ca21fc2400a778e83a22dfeda7125e78c7dc39e3357e334e1f55a7,2026-08-03T12:00:00+00:00,
OS-2026-0457,n4,email,sent,942479406287087580f6a8cb53d5d90a35b3cdb19a502f18d35fddba8d55be3b,2026-08-03T12:00:00+00:00,
OS-2026-0457,n4,email,sent,a92c705cd6d1ba46a4834d774ab8ebbfdea899fb28fc5a48bb5d97da0dab515d,2026-08-03T12:00:00+00:00,
OS-2026-0457,n4,email,sent,ded659137a4b4351f0649c70c208869b19af9fbe79f97e121f8aaf1f1113d4a4,2026-08-03T12:00:00+00:00,
OS-2026-0457,n4,email,sent,42c2e66d2d1c8a12c6b57f233df1c8a98216b6134850043a207705796c08b06e,2026-08-03T12:00:00+00:00,
OS-2026-0457,n4,email,sent,4ae6ebb81c87020c0bd3e0ecd852ce2ffd2aefe06864c190496e149cbdbb179b,2026-08-03T12:00:00+00:00,
OS-2026-0457,n4,email,sent,58f092ef5104cd1b522e7b21a916c95bd7f5aaa1dea83031b17284c21309eab1,2026-08-03T12:00:00+00:00,
OS-2026-0457,n4,email,sent,dbb288111f68af444e85350d17bab1c014b164daa21794e52e4fda983af13038,2026-08-03T12:00:00+00:00,
OS-2026-0457,n4,email,sent,e349bc60c905646f52a1bf1b4a00c3b775d869bc1ddb7b9711420d20a8ce2363,2026-08-03T12:00:00+00:00,
OS-2026-0457,n4,email,sent,df39c56f90a5ab5b7af46df5617c797f79b39f3c1be451f510dff6b8b7173b77,2026-08-03T12:00:00+00:00,
OS-2026-0457,n4,email,sent,61168722eda18d5ce176cd898053a1cf81bb588b3884ccdaa5dc96d38ad76db0,2026-08-03T12:00:00+00:00,
OS-2026-0457,n4,email,sent,d84ca66ce6fbfa1c34453bf7e7db615a0eb621f0ecd5310765f26722ee42a512,2026-08-03T12:00:00+00:00,
OS-2026-0457,n4,email,sent,868e48e27f4519c6116c1a537b7f1f24c109f35d4c333235c652e0f8cd1feb56,2026-08-03T12:00:00+00:00,
OS-2026-0457,n4,email,sent,481a9c332b2cf21a3a6ba51db0e7ca352ae52439e6723d50068166e707f7fcf6,2026-08-03T12:00:00+00:00,
OS-2026-0457,n4,email,sent,971316df58aaf5929a2716d60c8dd9bf05a257edf51343d33e4e984984351364,2026-08-03T12:00:00+00:00,
OS-2026-0457,n4,email,sent,48c42e7e4c59487cab626f7d206235e54c4976b9d5ebb3a43e2e10fe315347fa,2026-08-03T12:00:00+00:00,
OS-2026-0457,n4,email,sent,3ecec511a2ebbbf583f834364ff171476fc2df6c1f06d26da4ace3b69ed599b0,2026-08-03T12:00:00+00:00,
OS-2026-0457,n4,email,sent,b3a7273de860a4cf7d56f6d5321f7a899e5f06e62d40e2b0f28f2cd4f0d52b7c,2026-08-03T12:00:00+00:00,
OS-2026-0457,n4,email,sent,aa2e61b18b15779acafb295c761604ffb8057599d94dc56a20ea2b2242dedde5,2026-08-03T12:00:00+00:00,
OS-2026-0457,n4,email,sent,709f31d9e3c6f141c7df84e271fcd34d5c6a107f3e76d4e7f93434ab563123bd,2026-08-03T12:00:00+00:00,
OS-2026-0457,n4,email,sent,5f2f40d5066ea8c252793988578753266e12d6351fab0bb483765f64c24c50f8,2026-08-03T12:00:00+00:00,
OS-2026-0457,n4,email,sent,7b552c814999ef644cac36d55e3bd8744f9081af2b1aa2cf01b926cd908e1449,2026-08-03T12:00:00+00:00,
OS-2026-0457,n4,email,sent,365b90bcbf3d40ecdd84d133f59ec707b3a9d74b35ae77948f2e87c45b614bbc,2026-08-03T12:00:00+00:00,
OS-2026-0457,n4,email,sent,daf5ee40c29817cf0cf244dd0ec8f75f77f3bcd99e29f73b9a3f8511afdba357,2026-08-03T12:00:00+00:00,
OS-2026-0457,n4,email,sent,da6dd7a7753139cdf0c6d0b63929ec35d763f8b6c0b66a8450b808a2f9d7de72,2026-08-03T12:00:00+00:00,
OS-2026-0457,n4,email,sent,d0d5de58a605e0b27a36abb4d37bc7edbcf57530ea014c3ba81fb55ca71e1530,2026-08-03T12:00:00+00:00,
OS-2026-0457,n4,email,sent,6032dbc90a573f35382ffffe9c700b1d0d1b798883e362964dab26c3f9149ce4,2026-08-03T12:00:00+00:00,
OS-2026-0457,n4,email,sent,4532f7f0d949ea73323ef8fbaa6f9d0bd91aa9b1d6d14a18afbd07c1b7879c23,2026-08-03T12:00:00+00:00,
OS-2026-0457,n4,email,sent,9893f3d4e2c55efdabe02cda74027533ce2e7a675683025881c663604af69de1,2026-08-03T12:00:00+00:00,
OS-2026-0457,n4,email,sent,aa311760732fb0941b18c0362867507eb4be9114964b2c05253cd989d959ee2c,2026-08-03T12:00:00+00:00,
OS-2026-0457,n4,email,sent,b64e0d672378e8f7907a0e3bb1d0691f8d13a9293ac7cf0ff5462530286871a9,2026-08-03T12:00:00+00:00,
OS-2026-0457,n4,email,delivered,bf4c29c3017b9158c66b91c928782b2b54b91df0cfb3eb548b3dab2c44975560,2026-08-03T12:00:00+00:00,
OS-2026-0457,n4,email,delivered,1c33ac3d8e84cb8a3b4946a618bd3792e1232ea3de5369f426eb76058d504be7,2026-08-03T12:00:00+00:00,
OS-2026-0457,n4,email,delivered,1c042b31614e3c60b252fe84f7d2fbc0e4867466889961467df956ea01462ccf,2026-08-03T12:00:00+00:00,
OS-2026-0457,n4,email,delivered,c221cef3121ad87886998899511ff75ff71c62e11f2b7011bc2204bd9ab70a92,2026-08-03T12:00:00+00:00,
OS-2026-0457,n4,email,delivered,4895f49cb194174957f72fb0f5e82e7b89cdb7b67006d6e6a050680181617495,2026-08-03T12:00:00+00:00,
OS-2026-0457,n4,email,delivered,eaee7001f7ae0084c11037a42087fb6809eb5614e1f0d5101b8f01d19f5eec91,2026-08-03T12:00:00+00:00,
OS-2026-0457,n4,email,delivered,7aab39d4ed9ab8aec9206f0bd93dc533036b9da6aba7ec6a4717d95fd50efb82,2026-08-03T12:00:00+00:00,
OS-2026-0457,n4,email,delivered,3fb2c78ff08a5ce2c481e2fa10a33d1bdbd9508cfadcc978697006797f3d1e5c,2026-08-03T12:00:00+00:00,
OS-2026-0457,n4,email,delivered,f59a0808c9695b3e3f0a4e32f9d51f467238978bd25b14bb5163a6eab84e1dd6,2026-08-03T12:00:00+00:00,
OS-2026-0457,n4,email,delivered,fdf344dd2417b920154173bcab1f72df7b739561e4cc300ad4c8608d4aaf5a4a,2026-08-03T12:00:00+00:00,
OS-2026-0457,n4,email,delivered,19ab3bf69270850ebe653c76ec5a3b5921a79c99cd89868d143d464463ac2866,2026-08-03T12:00:00+00:00,
OS-2026-0457,n4,email,delivered,32d3f0f605978aad76946f5e58f76885599b233c83767ac94a7b525b81918f0c,2026-08-03T12:00:00+00:00,
OS-2026-0457,n4,email,delivered,26b5a69847d93fea911e61e284d9804b53388105677fac0bcfba657a286cac21,2026-08-03T12:00:00+00:00,
OS-2026-0457,n4,email,delivered,12c2569c94d4c8379964bd37010216800935425e80c6ab6e3d5544a21efcebf8,2026-08-03T12:00:00+00:00,
OS-2026-0457,n4,email,delivered,1a42bf25406a1c0a86e093f63b8d8a0c426ff13807cef0daf65275065d4ecb1f,2026-08-03T12:00:00+00:00,
OS-2026-0457,n4,email,delivered,060d043e6c2b053770bc8af4fe1be2e3e180a9ae808d7b5b3ba8ee2326ed7889,2026-08-03T12:00:00+00:00,
OS-2026-0457,n4,email,delivered,c420e1b67f1e9b2453a55d639efba343d25630c78405ca58dcaf4b75901e4485,2026-08-03T12:00:00+00:00,
OS-2026-0457,n4,email,delivered,c1e8cfe327fe160c0bffafceab2dd315ec12224b068dc077cb6ad2bb39c1641a,2026-08-03T12:00:00+00:00,
OS-2026-0457,n4,email,delivered,25f1ffc4e7c932b28dc76f4da4cd2605962098ed89617acb1ada2605527df9c2,2026-08-03T12:00:00+00:00,
OS-2026-0457,n4,email,delivered,aab35bbc933fae24a81c2bdb68e6cf1c8d113cb4efde5ac8025386dcc1aa673c,2026-08-03T12:00:00+00:00,
OS-2026-0457,n4,email,delivered,46c92b0ad4fc420debeee89c4f53315c01b83fc688adaaf4b14137ce574aba8a,2026-08-03T12:00:00+00:00,
OS-2026-0457,n4,email,delivered,675838a059393697a8f9d5b47f41f250a5a7de8639dd25dded93ab0f25ede669,2026-08-03T12:00:00+00:00,
OS-2026-0457,n4,email,delivered,34a089961c28c27c9418795a3f7bf0489eb5782ee39c2d0b47ed0d52f35b6ba4,2026-08-03T12:00:00+00:00,
OS-2026-0457,n4,email,delivered,9a1c19a9164840b2bfeca58b7c1c3ade7a5dacf0555cd5ebbc4db9cd4ffa0c5f,2026-08-03T12:00:00+00:00,
OS-2026-0457,n4,email,delivered,5cd34814529ff3743efdce8fa06fab1a0f96aa596d675340b95270876f76c86d,2026-08-03T12:00:00+00:00,
OS-2026-0457,n4,email,delivered,9b86ddc4d3d478bdaef343d2d433d97fe375c7dff44dbeb9fc9ba38f77dbbb8f,2026-08-03T12:00:00+00:00,
OS-2026-0457,n4,email,delivered,a2a80cd78400b8d9478d326ad49dd8d78f929901367719f50c17a0cc6ad0dfaf,2026-08-03T12:00:00+00:00,
OS-2026-0457,n4,email,delivered,a3f4b1d7a579bcfe5c9bee3e5fbaafb9f744fb0627412c2a0af3b44fe09f629b,2026-08-03T12:00:00+00:00,
OS-2026-0457,n4,email,delivered,42c91111d2e88da0f1f2e7b124e74d0e8081adc98d01b1604af5cf90dd37e672,2026-08-03T12:00:00+00:00,
OS-2026-0457,n4,email,delivered,56838c42dad337c5e0ca0d2588f245c7d101fb569a60f4799fddfad353226ba0,2026-08-03T12:00:00+00:00,
OS-2026-0457,n4,email,delivered,97372f86504bbd5ba67f11ec0eac87644c6da583369ee2c4972a42363c387257,2026-08-03T12:00:00+00:00,
OS-2026-0457,n4,email,delivered,9c9482926a73439540b59fc00ad2fb0a8985c94b08583e66a69c1208336db67e,2026-08-03T12:00:00+00:00,
OS-2026-0457,n4,email,delivered,e4dfbb90d5ba73b9ce85acaeb74b262024d3365d21e09ca56932c60c061c94d1,2026-08-03T12:00:00+00:00,
OS-2026-0457,n4,email,delivered,a44bd950934a3ca68d8698be19d083244f8bb12dada1b7960ef5f7b7170e6ea6,2026-08-03T12:00:00+00:00,
OS-2026-0457,n4,email,delivered,ae41313d8d93813a92df0ab5619609d7aabe00979a79eb0a8c6342eee60c8509,2026-08-03T12:00:00+00:00,
OS-2026-0457,n4,email,delivered,ce1f11b802e998634c2fc799c7c0234440bb7664faf448b131575d8f1af4f2a2,2026-08-03T12:00:00+00:00,
OS-2026-0457,n4,email,delivered,50689daec73a8b7c3e6723052dec3166b4f4505cea957a99d38ac9e4ebd3cef9,2026-08-03T12:00:00+00:00,
OS-2026-0457,n4,email,delivered,a368e597b71319ccfaaf365534a1e2e7a3b8ea4c5d206712ae0d360daec97975,2026-08-03T12:00:00+00:00,
OS-2026-0457,n4,email,delivered,9a56a57406079d7be2201f11e0e81aa190fe60d1e4c56ce3cda89ab29ba1119b,2026-08-03T12:00:00+00:00,
OS-2026-0457,n4,email,delivered,420cbb15fb87d96b810c95d9a06dab950cf32dcc40260b2df5c32265b1a29c9b,2026-08-03T12:00:00+00:00,
OS-2026-0457,n4,email,delivered,39cec7cc3cd2d5e2e91d719ec0d1366a06f361a6b653551f0edd047d4b983c6f,2026-08-03T12:00:00+00:00,
OS-2026-0457,n4,email,delivered,5b00d0176dc1c9d97a039c28a63f0b3e7f68990f3b1f0547b5db22827f027d2b,2026-08-03T12:00:00+00:00,
OS-2026-0457,n4,email,delivered,d344e5895f3e7b6127c2495d118f51d2a2fc3b029dbe7896638f9938fb640028,2026-08-03T12:00:00+00:00,
OS-2026-0457,n4,email,delivered,020dec96659c3ea37d71573e8c388d7fb7bb2905d54bda9123e09c5df305133e,2026-08-03T12:00:00+00:00,
OS-2026-0457,n4,email,delivered,b918842beb5a224711a06f1ddff6fd39422facecc941198943cde0296d1ac3ad,2026-08-03T12:00:00+00:00,
OS-2026-0457,n4,email,delivered,990fdef58ed7c000b6856b9d40198ef5e4f47d3ba239aece66a71df0bc6ab593,2026-08-03T12:00:00+00:00,
OS-2026-0457,n4,email,delivered,6bf57e884da0fb6da4a989a02bb8402381129a9f594db1ddbf60f8b5a7f09246,2026-08-03T12:00:00+00:00,
OS-2026-0457,n4,email,delivered,7b9aba3136d4b47b0ac1e2e6dbaf036d4989848fc20dfb97771aaa4704357a44,2026-08-03T12:00:00+00:00,
OS-2026-0457,n4,email,delivered,f659e67be52219338e6d32f304df91e348e047f25b183b3f62dafd198e77e637,2026-08-03T12:00:00+00:00,
OS-2026-0457,n4,email,delivered,41419bb9522807ae1d3878037678d967eb3ea062303f9e6a2ead8c11237844e2,2026-08-03T12:00:00+00:00,
OS-2026-0457,n4,email,delivered,8cea259d3ecd019082400d8b6dd79e4d105a7c2d61d8216a1356c0248034847a,2026-08-03T12:00:00+00:00,
OS-2026-0457,n4,email,delivered,6777b234e91d6338c7ae0932dad3dfb1f922944f13d31e8c35c176d3b37f7501,2026-08-03T12:00:00+00:00,
OS-2026-0457,n4,email,delivered,fc679fc4a8609d6362be5e695f210a5d115225c2b3c725ef72c4129494d36fd7,2026-08-03T12:00:00+00:00,
OS-2026-0457,n4,email,delivered,690ed74701db57f086d7266f32480e89cb9bd9266939a83a9396554670f2ed58,2026-08-03T12:00:00+00:00,
OS-2026-0457,n4,email,delivered,2471fc863adfd73c4c9bf26eed40ad6ca408163d54e8248ea6c32074a904d536,2026-08-03T12:00:00+00:00,
OS-2026-0457,n4,email,delivered,5be385b535637b8b9e5ad38fec59ee5b7df2e86d27d07f6c55daaf0569086ce5,2026-08-03T12:00:00+00:00,
OS-2026-0457,n4,email,delivered,709d2d9b4d47c8aa4970cd059be43344516012975b5622dadcfff81817947294,2026-08-03T12:00:00+00:00,
OS-2026-0457,n4,email,delivered,b85d5af2a378f3762915d1890b95248b4a6e8abf537d7ad5c7863d4222cb71a4,2026-08-03T12:00:00+00:00,
OS-2026-0457,n4,email,delivered,7a8812a9a336d0816dc5bae4414a747ca5f3736bbd967c7170f8fc70af5e0278,2026-08-03T12:00:00+00:00,
OS-2026-0457,n4,email,delivered,4c0b1ac2c2e9901e4ca831cc93a71be764b9de1f50e82fb7d6c442a0518268f3,2026-08-03T12:00:00+00:00,
OS-2026-0457,n4,email,delivered,eff19376081c91f4f945eea06ae05ece8468a6aa33f34b559e996932bc4840a1,2026-08-03T12:00:00+00:00,
OS-2026-0457,n4,email,delivered,5577ed2d3bf0971d0ed77d43a72b610da9da2eed890fd976910a2f38c2da50f4,2026-08-03T12:00:00+00:00,
OS-2026-0457,n4,email,delivered,dcab4231c5c20071501b6457288ed01f54c1e53bd5626365ef31e9223c70248f,2026-08-03T12:00:00+00:00,
OS-2026-0457,n4,email,delivered,6d03a6e4819f17075219e0b49a5f19e2ba2dfb8b2c0cf567e9da9903fd8aaff9,2026-08-03T12:00:00+00:00,
OS-2026-0457,n4,email,delivered,c6ebdc5ce79446db44f035f66a6828fc5462706682397458d2b528c414a412f5,2026-08-03T12:00:00+00:00,
OS-2026-0457,n4,email,delivered,6b57d530d3ca21fc2400a778e83a22dfeda7125e78c7dc39e3357e334e1f55a7,2026-08-03T12:00:00+00:00,
OS-2026-0457,n4,email,delivered,942479406287087580f6a8cb53d5d90a35b3cdb19a502f18d35fddba8d55be3b,2026-08-03T12:00:00+00:00,
OS-2026-0457,n4,email,delivered,a92c705cd6d1ba46a4834d774ab8ebbfdea899fb28fc5a48bb5d97da0dab515d,2026-08-03T12:00:00+00:00,
OS-2026-0457,n4,email,delivered,ded659137a4b4351f0649c70c208869b19af9fbe79f97e121f8aaf1f1113d4a4,2026-08-03T12:00:00+00:00,
OS-2026-0457,n4,email,delivered,42c2e66d2d1c8a12c6b57f233df1c8a98216b6134850043a207705796c08b06e,2026-08-03T12:00:00+00:00,
OS-2026-0457,n4,email,delivered,4ae6ebb81c87020c0bd3e0ecd852ce2ffd2aefe06864c190496e149cbdbb179b,2026-08-03T12:00:00+00:00,
OS-2026-0457,n4,email,delivered,58f092ef5104cd1b522e7b21a916c95bd7f5aaa1dea83031b17284c21309eab1,2026-08-03T12:00:00+00:00,
OS-2026-0457,n4,email,delivered,dbb288111f68af444e85350d17bab1c014b164daa21794e52e4fda983af13038,2026-08-03T12:00:00+00:00,
OS-2026-0457,n4,email,delivered,e349bc60c905646f52a1bf1b4a00c3b775d869bc1ddb7b9711420d20a8ce2363,2026-08-03T12:00:00+00:00,
OS-2026-0457,n4,email,delivered,df39c56f90a5ab5b7af46df5617c797f79b39f3c1be451f510dff6b8b7173b77,2026-08-03T12:00:00+00:00,
OS-2026-0457,n4,email,delivered,61168722eda18d5ce176cd898053a1cf81bb588b3884ccdaa5dc96d38ad76db0,2026-08-03T12:00:00+00:00,
OS-2026-0457,n4,email,delivered,d84ca66ce6fbfa1c34453bf7e7db615a0eb621f0ecd5310765f26722ee42a512,2026-08-03T12:00:00+00:00,
OS-2026-0457,n4,email,delivered,868e48e27f4519c6116c1a537b7f1f24c109f35d4c333235c652e0f8cd1feb56,2026-08-03T12:00:00+00:00,
OS-2026-0457,n4,email,delivered,481a9c332b2cf21a3a6ba51db0e7ca352ae52439e6723d50068166e707f7fcf6,2026-08-03T12:00:00+00:00,
OS-2026-0457,n4,email,delivered,971316df58aaf5929a2716d60c8dd9bf05a257edf51343d33e4e984984351364,2026-08-03T12:00:00+00:00,
OS-2026-0457,n4,email,delivered,48c42e7e4c59487cab626f7d206235e54c4976b9d5ebb3a43e2e10fe315347fa,2026-08-03T12:00:00+00:00,
OS-2026-0457,n4,email,delivered,3ecec511a2ebbbf583f834364ff171476fc2df6c1f06d26da4ace3b69ed599b0,2026-08-03T12:00:00+00:00,
OS-2026-0457,n4,email,delivered,b3a7273de860a4cf7d56f6d5321f7a899e5f06e62d40e2b0f28f2cd4f0d52b7c,2026-08-03T12:00:00+00:00,
OS-2026-0457,n4,email,delivered,aa2e61b18b15779acafb295c761604ffb8057599d94dc56a20ea2b2242dedde5,2026-08-03T12:00:00+00:00,
OS-2026-0457,n4,email,delivered,709f31d9e3c6f141c7df84e271fcd34d5c6a107f3e76d4e7f93434ab563123bd,2026-08-03T12:00:00+00:00,
OS-2026-0457,n4,email,delivered,5f2f40d5066ea8c252793988578753266e12d6351fab0bb483765f64c24c50f8,2026-08-03T12:00:00+00:00,
OS-2026-0457,n4,email,delivered,7b552c814999ef644cac36d55e3bd8744f9081af2b1aa2cf01b926cd908e1449,2026-08-03T12:00:00+00:00,
OS-2026-0457,n4,email,delivered,365b90bcbf3d40ecdd84d133f59ec707b3a9d74b35ae77948f2e87c45b614bbc,2026-08-03T12:00:00+00:00,
OS-2026-0457,n4,email,delivered,daf5ee40c29817cf0cf244dd0ec8f75f77f3bcd99e29f73b9a3f8511afdba357,2026-08-03T12:00:00+00:00,
OS-2026-0457,n4,email,delivered,da6dd7a7753139cdf0c6d0b63929ec35d763f8b6c0b66a8450b808a2f9d7de72,2026-08-03T12:00:00+00:00,
OS-2026-0457,n4,email,delivered,d0d5de58a605e0b27a36abb4d37bc7edbcf57530ea014c3ba81fb55ca71e1530,2026-08-03T12:00:00+00:00,
OS-2026-0457,n4,email,delivered,6032dbc90a573f35382ffffe9c700b1d0d1b798883e362964dab26c3f9149ce4,2026-08-03T12:00:00+00:00,
OS-2026-0457,n4,email,delivered,4532f7f0d949ea73323ef8fbaa6f9d0bd91aa9b1d6d14a18afbd07c1b7879c23,2026-08-03T12:00:00+00:00,
OS-2026-0457,n4,email,delivered,9893f3d4e2c55efdabe02cda74027533ce2e7a675683025881c663604af69de1,2026-08-03T12:00:00+00:00,
OS-2026-0457,n4,email,delivered,aa311760732fb0941b18c0362867507eb4be9114964b2c05253cd989d959ee2c,2026-08-03T12:00:00+00:00,
OS-2026-0457,n4,email,delivered,b64e0d672378e8f7907a0e3bb1d0691f8d13a9293ac7cf0ff5462530286871a9,2026-08-03T12:00:00+00:00,
OS-2026-0457,n4,email,delivered,a35a387993e0f7904611e1bbda41133d0170523861e8f482ecabebbe20d15246,2026-08-03T12:00:00+00:00,
OS-2026-0457,n4,email,delivered,32bde3a85204c9c99cd4d789603b11ec62bae2bbcf9f37eb36e39057859aeead,2026-08-03T12:00:00+00:00,
OS-2026-0457,n4,email,delivered,ffed39087d7f0d93a3d7e6d449ee18304674351f3ab1444381d12aa8ebb507dd,2026-08-03T12:00:00+00:00,
OS-2026-0457,n4,email,bounce,bf4c29c3017b9158c66b91c928782b2b54b91df0cfb3eb548b3dab2c44975560,2026-08-03T12:00:00+00:00,
OS-2026-0457,n4,email,conversion,bf4c29c3017b9158c66b91c928782b2b54b91df0cfb3eb548b3dab2c44975560,2026-08-03T12:00:00+00:00,tratado
OS-2026-0457,n4,email,conversion,1c33ac3d8e84cb8a3b4946a618bd3792e1232ea3de5369f426eb76058d504be7,2026-08-03T12:00:00+00:00,tratado
OS-2026-0457,n4,email,conversion,1c042b31614e3c60b252fe84f7d2fbc0e4867466889961467df956ea01462ccf,2026-08-03T12:00:00+00:00,tratado
OS-2026-0457,n4,email,conversion,c221cef3121ad87886998899511ff75ff71c62e11f2b7011bc2204bd9ab70a92,2026-08-03T12:00:00+00:00,tratado
OS-2026-0457,n4,email,conversion,4895f49cb194174957f72fb0f5e82e7b89cdb7b67006d6e6a050680181617495,2026-08-03T12:00:00+00:00,tratado
OS-2026-0457,n4,email,conversion,eaee7001f7ae0084c11037a42087fb6809eb5614e1f0d5101b8f01d19f5eec91,2026-08-03T12:00:00+00:00,tratado
OS-2026-0457,n4,email,conversion,f7eb2111a5aa0905c1926724a26b2d680a13a30905f38165ff43660297182223,2026-08-03T12:00:00+00:00,holdout
OS-2026-0457,n4,email,conversion,0915f0aff81f283878db4012fb2fea61ec6994a10cfddc8ea40ea312aba1c04e,2026-08-03T12:00:00+00:00,holdout
